Date,Close,Open,High,Low,Volume
2018-01-06,14328.90,14203.20,14429.40,14102.60,25470000
2018-01-08,13232.80,13162.50,13426.40,13127.30,18780000
2018-01-10,14922.10,14886.90,15115.70,14799.00,18660000
2018-01-11,13936.70,14042.30,14059.90,13866.30,6140000
2018-02-04,14831.70,15208.70,15233.90,14831.70,23360000
2018-02-05,13675.30,13675.30,13926.70,13398.80,16090000
2018-02-07,13514.40,13373.60,13549.60,13021.70,17040000
2018-02-08,13109.70,13197.60,13197.60,12845.70,16630000
2018-02-10,14535.00,14693.40,14799.00,14482.20,29030000
2018-02-11,14077.50,14077.50,14130.30,14007.10,9840000
2018-03-04,14706.00,14831.70,14957.30,14454.60,24340000
2018-03-05,13650.10,13650.10,13700.40,13423.90,20410000
2018-03-07,12775.30,13514.40,13655.20,12775.30,15940000
2018-03-08,12775.30,13197.60,13215.20,12775.30,16290000
2018-03-10,14535.00,14429.40,14640.60,14429.40,13670000
2018-03-12,12247.40,11965.90,12317.80,11965.90,10320000
2018-03-29,15284.10,15083.00,15384.70,15032.80,14120000
2018-03-30,15183.60,15384.70,15409.80,15108.20,9880000
2018-04-04,14831.70,14831.70,14907.10,14706.00,11150000
2018-04-05,13574.70,13775.80,13901.50,13549.60,9960000
2018-04-06,15083.00,14555.10,15083.00,14404.30,21640000
2018-04-07,13056.90,12951.30,13180.10,12740.10,10320000
2018-04-09,13725.60,13971.90,14042.30,13725.60,12250000
2018-04-10,14570.20,14499.80,14570.20,14394.20,3260000
2018-04-12,12177.00,12317.80,12388.20,12053.90,1180000
2018-04-13,15384.70,15585.80,15610.90,15309.30,12550000
2018-04-16,15108.20,15208.70,15334.40,15108.20,8350000
2018-04-17,15007.60,15183.60,15183.60,14831.70,12910000
2018-04-18,14831.70,15057.90,15133.30,14831.70,10570000
2018-04-19,14328.90,14731.10,14856.80,14328.90,19620000
2018-04-20,14781.40,14328.90,14781.40,14127.80,12640000
2018-04-23,13976.90,14806.50,14806.50,13951.80,10820000
2018-04-24,14077.50,13951.80,14303.70,13826.10,1460000
2018-04-26,13449.00,14077.50,14278.60,13348.50,17830000
2018-04-27,13524.50,13449.00,13574.70,13021.70,19680000
2018-05-04,14781.40,14907.10,14932.20,14731.10,8010000
2018-05-06,14831.70,15083.00,15133.30,14706.00,23470000
2018-05-07,12704.90,13056.90,13197.60,12599.40,11630000
2018-05-09,13584.80,13655.20,13813.50,13549.60,12680000
2018-05-10,14587.80,14570.20,14746.20,14499.80,16560000
2018-05-11,14077.50,13936.70,14077.50,13901.50,6120000
2018-05-12,12423.40,12089.00,12493.80,12053.90,22150000
2018-05-14,14027.20,14102.60,14152.90,13826.10,10730000
2018-05-15,13926.70,14052.40,14127.80,13876.40,9520000
2018-05-16,13574.70,13851.30,14127.80,13549.60,12050000
2018-05-17,13323.30,13574.70,13625.00,13273.10,15780000
2018-05-18,13549.60,13373.60,13549.60,13197.70,14350000
2018-05-21,13373.60,13700.40,13725.60,13373.60,9070000
2018-05-22,12694.90,13298.20,13323.30,12694.90,24150000
2018-05-23,12996.50,12644.60,13072.00,12644.60,12620000
2018-05-24,13172.50,13072.00,13172.50,12971.40,13990000
2018-05-25,13097.10,13172.50,13398.80,13021.70,2050000
2018-05-28,12242.40,12720.00,13072.00,12242.40,20340000
2018-05-29,13072.00,12242.40,13097.10,12242.40,1910000
2018-05-30,13273.10,13097.10,13423.90,12795.40,24160000
2018-05-31,14102.60,13298.20,14102.60,13273.10,35390000
2018-06-04,15183.60,14756.20,15183.60,14706.00,18780000
2018-06-06,15284.10,14881.90,15334.40,14706.00,23240000
2018-06-07,12951.30,12687.30,13303.20,12388.20,14450000
2018-06-08,12722.50,12792.90,12792.90,12529.00,12720000
2018-06-09,13602.40,13584.80,13795.90,13549.60,12280000
2018-06-11,13936.70,14112.70,14130.30,13936.70,4650000
2018-06-12,12177.00,12353.00,12458.60,12141.80,12680000
2018-06-13,15274.10,14922.10,15344.50,14886.90,10040000
2018-06-14,14992.50,15414.90,15643.60,14974.90,180000
2018-06-15,15133.30,14957.30,15133.30,14711.00,1320000
2018-06-18,14147.90,15027.70,15027.70,14147.90,20230000
2018-06-19,13496.80,13655.20,13901.50,13197.60,36040000
2018-06-20,14077.50,13725.60,14077.50,13303.20,15790000
2018-06-21,13813.50,14059.90,14059.90,13725.60,10620000
2018-06-22,14411.80,13725.60,14411.80,13655.20,19650000
2018-06-25,14605.40,14781.40,14834.20,14447.00,9480000
2018-06-26,14464.60,14288.70,14482.20,14077.50,7320000
2018-06-27,13901.50,14394.20,14482.20,13901.50,9240000
2018-06-28,13672.80,13655.20,14007.10,13584.80,11660000
2018-06-29,13514.40,13655.20,13795.90,13356.00,14160000
2018-07-05,14077.50,13675.30,14077.50,13549.60,14460000
2018-07-06,15560.70,15334.40,15686.40,15284.10,20880000
2018-07-08,12722.50,12722.50,12722.50,12599.40,13320000
2018-07-09,13971.90,13584.80,14007.10,13584.80,1480000
2018-07-11,13778.30,13936.70,14007.10,13778.30,770000
2018-07-12,12194.60,12282.60,12317.80,12159.40,9210000
2018-07-13,12529.00,12036.30,12546.60,11983.50,12950000
2018-07-16,12493.80,12704.90,12757.70,12441.00,9110000
2018-07-17,12704.90,12317.80,12722.50,12317.80,9250000
2018-07-18,13092.10,12775.30,13144.90,12704.90,17330000
2018-07-19,13092.10,13180.10,13285.60,13056.90,9620000
2018-07-20,12916.10,12951.30,13021.70,12757.70,13620000
2018-07-23,13004.10,13056.90,13232.80,12880.90,15320000
2018-07-24,12458.60,12986.50,13004.10,12353.00,33530000
2018-07-25,12493.80,12458.60,12599.40,12388.20,15670000
2018-07-26,12845.70,12493.80,12845.70,12458.60,2250000
2018-07-27,13127.30,12933.70,13144.90,12792.90,13170000
2018-07-30,13039.30,13232.80,13303.20,12986.50,16540000
2018-07-31,13144.90,12986.50,13250.40,12863.30,1580000
2018-08-05,14328.90,14052.40,14555.10,13876.40,17970000
2018-08-06,15409.80,15585.80,15585.80,15384.70,1380000
2018-08-08,12916.10,12740.10,12968.90,12704.90,940000
2018-08-10,14499.80,14499.80,14587.80,14447.00,10240000
2018-08-11,13690.40,14024.70,14024.70,13690.40,7670000
2018-08-13,13479.20,12986.50,13496.80,12916.10,31210000
2018-08-14,13549.60,13549.60,13690.40,13461.60,14550000
2018-08-15,13197.60,13549.60,13637.60,13127.30,12830000
2018-08-16,13197.60,13021.70,13268.00,13004.10,19150000
2018-08-17,13268.00,13338.40,13444.00,13180.10,10250000
2018-08-20,13109.70,13268.00,13268.00,13074.50,970000
2018-08-21,13197.60,13056.90,13197.60,13039.30,9370000
2018-08-22,13373.60,13232.80,13514.40,13180.10,16580000
2018-08-23,13408.80,13338.40,13496.80,13338.40,10540000
2018-08-24,13496.80,13373.60,13514.40,13303.20,15540000
2018-08-27,13708.00,13584.80,13831.10,13549.60,14970000
2018-08-28,14042.30,13725.60,14147.90,13725.60,30150000
2018-08-29,13936.70,14077.50,14306.30,13936.70,18830000
2018-08-30,13954.30,13936.70,14007.10,13778.30,17650000
2018-08-31,14059.90,14007.10,14200.70,13936.70,16790000
2018-09-04,15284.10,15233.90,15384.70,15083.00,17170000
2018-09-05,14328.90,14278.60,14454.60,14102.60,7730000
2018-09-07,12564.20,13197.60,13197.60,12458.60,10530000
2018-09-08,12863.30,12986.50,13092.10,12845.70,12560000
2018-09-10,14429.40,14605.40,14605.40,14429.40,10150000
2018-09-11,13232.80,13584.80,13672.80,13232.80,15630000
2018-09-13,13989.50,13971.90,14165.50,13901.50,13010000
2018-09-14,13901.50,14007.10,14095.10,13901.50,12740000
2018-09-17,13883.90,13831.10,13954.30,13778.30,650000
2018-09-18,13883.90,13795.90,13883.90,13655.20,19940000
2018-09-19,13954.30,14007.10,14042.30,13936.70,12290000
2018-09-20,14394.20,14042.30,14394.20,13971.90,27310000
2018-09-21,14535.00,14429.40,14570.20,14306.30,39080000
2018-09-24,14535.00,14675.80,14675.80,14464.60,12130000
2018-09-25,14517.40,14429.40,14570.20,14376.60,12250000
2018-09-26,14429.40,14517.40,14587.80,14429.40,13730000
2018-09-27,14623.00,14499.80,14640.60,14464.60,15310000
2018-09-28,14886.90,14640.60,14904.50,14605.40,26330000
2018-10-04,15284.10,15284.10,15359.60,15108.20,17830000
2018-10-05,13876.40,14253.50,14303.70,13826.10,10070000
2018-10-07,12493.80,12493.80,12704.90,12493.80,8280000
2018-10-08,13021.70,12828.10,13056.90,12828.10,11520000
2018-10-09,13795.90,13954.30,14007.10,13795.90,7050000
2018-10-10,14570.20,14464.60,14693.40,14411.80,18460000
2018-10-12,11877.90,12141.80,12177.00,11842.70,14780000
2018-10-15,14200.70,14323.80,14323.80,14147.90,11550000
2018-10-16,14341.40,14200.70,14341.40,14200.70,7960000
2018-10-17,14429.40,14499.80,14517.40,14376.60,14030000
2018-10-18,14429.40,14429.40,14482.20,14323.80,11180000
2018-10-19,14341.40,14323.80,14447.00,14218.30,13670000
2018-10-22,14112.70,14359.00,14411.80,14112.70,7020000
2018-10-23,13901.50,14059.90,14059.90,13690.40,27410000
2018-10-24,13795.90,13795.90,14042.30,13795.90,14270000
2018-10-25,13725.60,13373.60,13778.30,13320.80,19830000
2018-10-26,13690.40,13831.10,13936.70,13690.40,14090000
2018-10-29,13672.80,13602.40,13690.40,13584.80,12210000
2018-10-30,13620.00,13584.80,13848.70,13584.80,7350000
2018-10-31,14165.50,13760.70,14165.50,13743.20,11610000
2018-11-04,15208.70,15334.40,15585.80,15183.60,27560000
2018-11-05,14002.10,13725.60,14027.20,13700.40,10460000
2018-11-06,15233.90,15334.40,15510.40,15208.70,30820000
2018-11-07,12106.60,12282.60,12458.60,11895.50,19240000
2018-11-09,14077.50,13743.20,14147.90,13743.20,18940000
2018-11-10,14042.30,14112.70,14288.70,13831.10,43780000
2018-11-12,11772.30,11825.10,11948.30,11543.50,19110000
2018-11-13,12986.50,13021.70,13127.30,12951.30,14790000
2018-11-14,12599.40,12968.90,12968.90,12405.80,22650000
2018-11-15,12317.80,12493.80,12652.10,12229.80,1870000
2018-11-16,12388.20,12493.80,12564.20,12335.40,6360000
2018-11-19,12476.20,12493.80,12599.40,12370.60,4560000
2018-11-20,12845.70,12529.00,12898.50,12458.60,15630000
2018-11-21,12845.70,12687.30,12951.30,12669.70,10420000
2018-11-22,12599.40,12880.90,12933.70,12599.40,7510000
2018-11-23,12511.40,12599.40,12669.70,12493.80,5630000
2018-11-26,12529.00,12529.00,12740.10,12511.40,6780000
2018-11-27,12529.00,12599.40,12740.10,12529.00,5190000
2018-11-28,12388.20,12564.20,12617.00,12300.20,1120000
2018-11-29,12036.30,12458.60,12546.60,12036.30,11110000
2018-11-30,11684.30,11965.90,11965.90,11684.30,20450000
2018-12-04,15510.40,15133.30,15560.70,15057.90,1730000
2018-12-06,14957.30,15590.80,15590.80,14675.80,290000
2018-12-07,11877.90,11719.50,12018.70,11684.30,9110000
2018-12-09,13901.50,14112.70,14165.50,13901.50,15350000
2018-12-10,14359.00,13866.30,14359.00,13866.30,18060000
2018-12-11,13215.20,13232.80,13285.60,13074.50,7680000
2018-12-12,11825.10,11789.90,11877.90,11613.90,9810000
2018-12-13,11965.90,11913.10,12001.10,11860.30,150000
2018-12-14,11789.90,11948.30,11948.30,11754.70,10580000
2018-12-17,11402.80,11789.90,11789.90,11402.80,12270000
2018-12-18,10945.30,11156.40,11279.60,10786.90,22340000
2018-12-19,10452.50,10945.30,11050.80,10206.20,30030000
2018-12-20,10540.50,10417.30,10610.90,10311.80,1670000
2018-12-21,10540.50,10311.80,10558.10,10311.80,12210000
2018-12-24,10734.10,10540.50,10734.10,10540.50,8930000
2018-12-25,10698.90,10434.90,10698.90,10188.60,13140000
2018-12-26,10663.70,10698.90,10698.90,10470.10,10480000
2018-12-27,10892.50,10857.30,10945.30,10663.70,13340000
2018-12-28,10892.50,10839.70,10892.50,10734.10,20460000
2019-01-02,9607.90,9801.50,9924.60,9502.30,19440000
2019-01-03,12053.90,11825.10,12053.90,11825.10,12620000
2019-01-04,11244.40,11279.60,11332.40,11226.80,10050000
2019-01-07,10522.90,10614.40,10660.20,10431.40,8080000
2019-01-08,10339.90,10294.20,10408.50,10179.80,12530000
2019-01-10,10019.70,10042.50,10156.90,9996.80,8560000
2019-01-11,10019.70,10019.70,10111.20,9973.90,8550000
2019-01-14,10311.80,10347.00,10364.60,10153.40,8830000
2019-01-15,10311.80,10311.80,10417.30,10259.00,7230000
2019-01-16,10364.60,10347.00,10434.90,10259.00,8160000
2019-01-17,10171.00,10364.60,10364.60,10171.00,5360000
2019-01-18,10276.60,10311.80,10364.60,10259.00,5810000
2019-01-21,10399.70,10311.80,10470.10,10276.60,5250000
2019-01-22,10382.20,10452.50,10505.30,10364.60,4560000
2019-01-23,10575.70,10347.00,10698.90,10329.40,10370000
2019-01-24,10505.30,10593.30,10698.90,10505.30,6540000
2019-01-25,10452.50,10558.10,10593.30,10399.70,4410000
2019-01-28,10470.10,10487.70,10487.70,10417.30,4690000
2019-01-29,10452.50,10505.30,10505.30,10382.20,4970000
2019-01-30,10206.20,10417.30,10417.30,10153.40,18520000
2019-01-31,9748.70,10206.20,10259.00,9713.50,19630000
2019-02-01,10839.70,10874.90,11068.40,10839.70,11490000
2019-02-04,11297.20,11332.40,11350.00,11244.40,4920000
2019-02-05,11965.90,11860.30,11965.90,11719.50,10420000
2019-02-07,10339.90,10522.90,10522.90,10317.00,10060000
2019-02-08,10271.30,10156.90,10317.00,10111.20,15040000
2019-02-10,9951.00,10065.40,10088.30,9928.10,9190000
2019-02-12,10500.00,10454.30,10614.40,10454.30,19160000
2019-02-13,10874.90,10382.20,10945.30,10382.20,30330000
2019-02-14,10910.10,10874.90,11015.60,10839.70,17670000
2019-02-15,11121.20,10910.10,11438.00,10839.70,25530000
2019-02-18,11314.80,11297.20,11455.60,11244.40,17450000
2019-02-19,11156.40,11420.40,11438.00,11138.80,16170000
2019-02-20,11332.40,11156.40,11367.60,11138.80,16090000
2019-02-21,11508.40,11367.60,11508.40,11226.80,16450000
2019-02-22,11930.70,11490.80,11948.30,11455.60,22640000
2019-02-25,12247.40,12124.20,12511.40,12036.30,32260000
2019-02-26,12141.80,12247.40,12458.60,12053.90,20210000
2019-02-27,12106.60,12300.20,12300.20,12018.70,13690000
2019-02-28,11825.10,12159.40,12177.00,11825.10,19040000
2019-03-01,10382.20,10822.10,10874.90,10382.20,18830000
2019-03-04,11297.20,11262.00,11314.80,11226.80,10340000
2019-03-05,12018.70,11965.90,12106.60,11860.30,9570000
2019-03-06,11086.00,11279.60,11297.20,11050.80,33610000
2019-03-07,10134.00,10339.90,10362.80,10111.20,1330000
2019-03-09,9905.30,10156.90,10202.70,9905.30,11320000
2019-03-10,9859.50,9928.10,9928.10,9813.80,960000
2019-03-12,10728.80,10500.00,10843.20,10385.70,19650000
2019-03-13,12089.00,11965.90,12089.00,11930.70,8760000
2019-03-14,12036.30,12089.00,12194.60,11930.70,12270000
2019-03-15,11226.80,11613.90,11649.10,11209.20,46620000
2019-03-18,11209.20,11086.00,11402.80,10751.70,28960000
2019-03-19,11226.80,11191.60,11244.40,10945.30,20220000
2019-03-20,11367.60,11086.00,11473.20,11086.00,1540000
2019-03-21,11262.00,11367.60,11420.40,11244.40,750000
2019-03-22,11244.40,11297.20,11332.40,11209.20,11480000
2019-03-25,11050.80,10945.30,11138.80,10945.30,10230000
2019-03-26,11121.20,11121.20,11174.00,11015.60,9630000
2019-03-27,11385.20,11226.80,11385.20,11138.80,6950000
2019-03-28,11420.40,11314.80,11420.40,11297.20,6880000
2019-03-29,11332.40,11455.60,11508.40,11226.80,17890000
2019-04-01,10452.50,10347.00,10558.10,10100.60,15990000
2019-04-03,12441.00,12229.80,12441.00,12212.20,13740000
2019-04-04,11402.80,11314.80,11402.80,11262.00,7570000
2019-04-06,11117.70,11255.00,11346.50,11003.30,7030000
2019-04-07,10202.70,10065.40,10294.20,10065.40,10650000
2019-04-09,9882.40,9836.60,9973.90,9836.60,12320000
2019-04-10,9768.00,9882.40,9928.10,9745.10,10060000
2019-04-11,9951.00,10111.20,10156.90,9928.10,12720000
2019-04-12,10728.80,10705.90,10797.40,10683.10,10350000
2019-04-16,11174.00,11226.80,11262.00,11103.60,4230000
2019-04-17,11121.20,11174.00,11209.20,11086.00,5090000
2019-04-18,11015.60,11050.80,11103.60,11015.60,6540000
2019-04-19,11121.20,11033.20,11156.40,11033.20,3320000
2019-04-22,11209.20,11033.20,11297.20,11033.20,4990000
2019-04-23,11226.80,11262.00,11262.00,11209.20,4620000
2019-04-24,11737.10,11262.00,11737.10,11226.80,15880000
2019-04-25,11649.10,11789.90,11842.70,11613.90,11210000
2019-04-26,11825.10,11684.30,11895.50,11649.10,7720000
2019-05-03,12335.40,12353.00,12529.00,12300.20,15620000
2019-05-04,11438.00,11402.80,11490.80,11350.00,5030000
2019-05-06,10888.90,11163.40,11300.70,10843.20,6290000
2019-05-07,10202.70,10202.70,10271.30,10134.00,6460000
2019-05-08,10134.00,10225.50,10294.20,10065.40,12980000
2019-05-09,9928.10,9905.30,10042.50,9882.40,5220000
2019-05-11,10019.70,9973.90,10134.00,9951.00,11620000
2019-05-12,10568.70,10683.10,10728.80,10545.80,10910000
2019-05-13,11279.60,11596.30,11596.30,11262.00,10430000
2019-05-14,11402.80,11156.40,11402.80,11156.40,4980000
2019-05-15,11402.80,11402.80,11508.40,11367.60,6950000
2019-05-16,11367.60,11420.40,11508.40,11367.60,3770000
2019-05-17,11350.00,11367.60,11402.80,11332.40,4080000
2019-05-20,11543.50,11350.00,11631.50,11350.00,6070000
2019-05-21,11578.70,11596.30,11684.30,11543.50,5880000
2019-05-22,11613.90,11613.90,11754.70,11578.70,6880000
2019-05-23,11525.90,11613.90,11631.50,11490.80,6940000
2019-05-24,11314.80,11438.00,11490.80,11314.80,10040000
2019-05-27,11332.40,11297.20,11385.20,11297.20,4650000
2019-05-28,11279.60,11438.00,11438.00,11279.60,7770000
2019-05-29,11438.00,11367.60,11438.00,11279.60,4550000
2019-05-30,11262.00,11438.00,11438.00,11244.40,11480000
2019-05-31,11297.20,11262.00,11332.40,11262.00,9290000
2019-06-03,12317.80,12317.80,12388.20,12106.60,9240000
2019-06-05,11772.30,11754.70,11895.50,11684.30,12320000
2019-06-06,10385.70,10934.70,10934.70,10225.50,14920000
2019-06-08,9951.00,9859.50,10065.40,9859.50,1190000
2019-06-09,9790.90,9973.90,10019.70,9790.90,8860000
2019-06-11,10065.40,10065.40,10134.00,10042.50,9530000
2019-06-12,10911.80,10568.70,10934.70,10568.70,15010000
2019-06-13,10522.90,10705.90,10705.90,10477.20,5310000
2019-06-14,10500.00,10522.90,10545.80,10500.00,4360000
2019-06-17,10271.30,10500.00,10522.90,10271.30,7670000
2019-06-18,10545.80,10271.30,10568.70,10271.30,10650000
2019-06-19,10911.80,10728.80,10911.80,10660.20,17620000
2019-06-20,10797.40,11026.20,11026.20,10797.40,920000
2019-06-21,10843.20,10934.70,10934.70,10797.40,9330000
2019-06-24,10683.10,10888.90,11003.30,10660.20,6510000
2019-06-25,10568.70,10614.40,10705.90,10522.90,6920000
2019-06-26,10477.20,10545.80,10637.30,10477.20,4010000
2019-06-27,10317.00,10477.20,10500.00,10317.00,7910000
2019-06-28,10751.70,10317.00,10751.70,10271.30,8260000
2019-07-01,10329.40,10663.70,10681.30,10259.00,6810000
2019-07-03,12001.10,12317.80,12335.40,12001.10,12470000
2019-07-05,11789.90,11895.50,11895.50,11754.70,7720000
2019-07-06,10500.00,10522.90,10660.20,10454.30,10740000
2019-07-08,10111.20,10019.70,10134.00,9973.90,7340000
2019-07-10,9745.10,9768.00,9836.60,9699.40,6990000
2019-07-11,10385.70,10134.00,10408.50,10111.20,27890000
2019-07-15,9813.80,10065.40,10065.40,9813.80,8220000
2019-07-16,9882.40,9882.40,9905.30,9813.80,7320000
2019-07-17,9768.00,9905.30,9905.30,9745.10,1150000
2019-07-18,9585.00,9768.00,9790.90,9539.30,17860000
2019-07-19,9424.90,9607.90,9699.40,9333.40,23550000
2019-07-22,9493.50,9424.90,9699.40,9287.60,1450000
2019-07-23,9928.10,9516.40,9951.00,9516.40,18980000
2019-07-24,9859.50,9928.10,9973.90,9790.90,7790000
2019-07-25,10248.40,9836.60,10248.40,9836.60,19950000
2019-07-26,10317.00,10339.90,10545.80,10271.30,20620000
2019-07-29,10111.20,10317.00,10317.00,9951.00,14650000
2019-07-30,9836.60,10111.20,10156.90,9836.60,12870000
2019-07-31,10317.00,9790.90,10317.00,9745.10,13770000
2019-08-01,10153.40,10347.00,10382.20,10100.60,8630000
2019-08-03,11948.30,11789.90,12071.50,11754.70,12740000
2019-08-04,11402.80,11438.00,11490.80,11367.60,3780000
2019-08-05,11666.70,11701.90,11719.50,11613.90,770000
2019-08-07,9951.00,10156.90,10202.70,9928.10,15650000
2019-08-08,10660.20,10134.00,10660.20,10134.00,23430000
2019-08-10,10019.70,9790.90,10019.70,9722.30,8380000
2019-08-11,10385.70,10385.70,10431.40,10294.20,11120000
2019-08-13,10728.80,10660.20,10934.70,10660.20,13520000
2019-08-14,10728.80,10888.90,10888.90,10705.90,8150000
2019-08-15,10637.30,10522.90,10637.30,10431.40,14490000
2019-08-16,10545.80,10637.30,10683.10,10477.20,18650000
2019-08-19,10545.80,10522.90,10660.20,10500.00,5350000
2019-08-20,10477.20,10545.80,10660.20,10408.50,10090000
2019-08-21,10614.40,10477.20,10637.30,10431.40,10150000
2019-08-22,10545.80,10660.20,10683.10,10522.90,6980000
2019-08-23,10705.90,10637.30,10728.80,10568.70,11340000
2019-08-26,10431.40,10568.70,10591.60,10385.70,11960000
2019-08-27,10248.40,10522.90,10545.80,10248.40,18940000
2019-08-28,10179.80,10248.40,10294.20,10111.20,9130000
2019-08-29,10134.00,10179.80,10179.80,10065.40,10410000
2019-08-30,10156.90,10134.00,10271.30,10088.30,7010000
2019-09-01,10382.20,10206.20,10487.70,10206.20,5140000
2019-09-04,11297.20,11420.40,11438.00,11262.00,790000
2019-09-05,11578.70,11631.50,11701.90,11473.20,5780000
2019-09-07,9768.00,9973.90,10042.50,9768.00,1330000
2019-09-08,10568.70,10705.90,10751.70,10522.90,7760000
2019-09-09,9699.40,9836.60,9859.50,9699.40,7480000
2019-09-10,10019.70,10019.70,10019.70,9928.10,6490000
2019-09-12,11071.90,10911.80,11186.30,10911.80,16640000
2019-09-13,10339.90,10294.20,10362.80,10248.40,9820000
2019-09-16,10362.80,10271.30,10362.80,10179.80,11370000
2019-09-17,10385.70,10362.80,10385.70,10248.40,7580000
2019-09-18,10522.90,10385.70,10545.80,10339.90,12950000
2019-09-19,10500.00,10522.90,10545.80,10385.70,7180000
2019-09-20,10362.80,10500.00,10500.00,10317.00,10740000
2019-09-23,10065.40,10339.90,10339.90,10065.40,11280000
2019-09-24,10134.00,10042.50,10134.00,9996.80,4180000
2019-09-25,10019.70,10111.20,10111.20,9951.00,8340000
2019-09-26,10179.80,10065.40,10179.80,9928.10,7020000
2019-09-27,10134.00,10179.80,10271.30,10134.00,6720000
2019-09-30,10042.50,10156.90,10179.80,10042.50,7210000
2019-10-01,10487.70,10417.30,10593.30,10382.20,4880000
2019-10-04,11244.40,11262.00,11279.60,11138.80,6040000
2019-10-05,11561.10,11649.10,11684.30,11473.20,5230000
2019-10-06,10477.20,10637.30,10705.90,10454.30,13830000
2019-10-07,9768.00,9790.90,9951.00,9745.10,7890000
2019-10-09,9745.10,9699.40,9768.00,9653.60,7270000
2019-10-10,9836.60,10019.70,10111.20,9836.60,8290000
2019-10-12,11163.40,11071.90,11232.10,11026.20,2140000
2019-10-14,9813.80,9928.10,9928.10,9813.80,6230000
2019-10-15,9768.00,9836.60,9928.10,9768.00,7610000
2019-10-16,9745.10,9790.90,9836.60,9745.10,5520000
2019-10-17,9790.90,9745.10,9905.30,9745.10,10170000
2019-10-18,9790.90,9859.50,9859.50,9745.10,4820000
2019-10-21,9699.40,9790.90,9813.80,9699.40,6680000
2019-10-22,9882.40,9699.40,9905.30,9699.40,8630000
2019-10-23,9996.80,9882.40,10111.20,9882.40,14520000
2019-10-24,10065.40,10019.70,10111.20,9996.80,10830000
2019-10-25,9973.90,10065.40,10065.40,9951.00,5010000
2019-10-28,10156.90,9973.90,10202.70,9905.30,15330000
2019-10-29,10156.90,10156.90,10271.30,10111.20,11250000
2019-10-30,10065.40,10179.80,10179.80,10065.40,6460000
2019-10-31,9973.90,10065.40,10088.30,9928.10,12150000
2019-11-01,10329.40,10487.70,10522.90,10329.40,7280000
2019-11-02,10171.00,9766.30,10171.00,9713.50,7770000
2019-11-03,11895.50,12036.30,12036.30,11825.10,1330000
2019-11-04,11244.40,11262.00,11279.60,11209.20,4150000
2019-11-06,10522.90,10522.90,10614.40,10385.70,9290000
2019-11-07,9859.50,9790.90,9905.30,9790.90,6540000
2019-11-09,10088.30,9745.10,10088.30,9722.30,990000
2019-11-10,9836.60,9882.40,9928.10,9790.90,8740000
2019-11-11,10431.40,10339.90,10568.70,10339.90,16850000
2019-11-12,11163.40,11117.70,11163.40,10934.70,11380000
2019-11-13,10362.80,10568.70,10591.60,10362.80,13720000
2019-11-14,10362.80,10362.80,10454.30,10294.20,11640000
2019-11-15,10362.80,10362.80,10431.40,10317.00,7230000
2019-11-18,10477.20,10385.70,10522.90,10385.70,8080000
2019-11-19,10431.40,10500.00,10500.00,10385.70,8780000
2019-11-20,10248.40,10431.40,10431.40,10179.80,14660000
2019-11-21,10065.40,10202.70,10225.50,10065.40,1580000
2019-11-22,10111.20,10156.90,10225.50,10065.40,12140000
2019-11-25,10179.80,10134.00,10225.50,10065.40,8920000
2019-11-26,10362.80,10225.50,10431.40,10225.50,11560000
2019-11-27,10339.90,10408.50,10431.40,10317.00,7420000
2019-11-28,10339.90,10339.90,10385.70,10271.30,7910000
2019-11-29,10454.30,10339.90,10500.00,10271.30,13350000
2019-12-02,10382.20,10171.00,10505.30,10118.20,21770000
2019-12-03,11913.10,12001.10,12018.70,11860.30,14410000
2019-12-04,11279.60,11244.40,11279.60,11209.20,4320000
2019-12-06,10568.70,10477.20,10637.30,10454.30,660000
2019-12-07,10019.70,9928.10,10065.40,9905.30,7090000
2019-12-08,10797.40,10568.70,10911.80,10568.70,17120000
2019-12-09,10317.00,10134.00,10339.90,10134.00,11720000
2019-12-11,10522.90,10408.50,10568.70,10317.00,1380000
2019-12-12,11071.90,11117.70,11163.40,11026.20,8740000
2019-12-13,10888.90,11071.90,11209.20,10888.90,19960000
2019-12-16,10866.10,10888.90,10934.70,10774.60,10780000
2019-12-17,10591.60,10866.10,10911.80,10477.20,20780000
2019-12-18,10317.00,10591.60,10591.60,10294.20,15980000
2019-12-19,10431.40,10317.00,10568.70,10317.00,12120000
2019-12-20,10522.90,10500.00,10637.30,10431.40,1140000
2019-12-23,10545.80,10591.60,10751.70,10500.00,8440000
2019-12-24,10614.40,10545.80,10660.20,10500.00,6780000
2019-12-25,10591.60,10614.40,10705.90,10591.60,5010000
2019-12-26,10522.90,10660.20,10660.20,10522.90,6330000
2019-12-27,10774.60,10522.90,10774.60,10454.30,8810000
2019-12-30,10820.30,10820.30,10911.80,10751.70,6190000
2019-12-31,10751.70,10820.30,10843.20,10683.10,6060000
2020-01-04,7892.20,7640.60,8006.60,7617.70,10230000
2020-01-06,12650.40,12719.00,12719.00,12558.90,1690000
2020-01-07,12536.00,12353.00,12581.80,12307.20,22840000
2020-01-09,13826.40,13687.00,13910.00,13631.30,2940000
2020-01-10,15052.90,14829.90,15164.40,14774.20,30120000
2020-01-12,19847.60,19457.30,19847.60,19262.20,38260000
2020-01-13,11094.80,11071.90,11163.40,11026.20,9390000
2020-01-14,11438.00,11094.80,11460.80,11071.90,20140000
2020-01-15,11506.60,11460.80,11598.10,11392.20,12390000
2020-01-16,11575.20,11438.00,11598.10,11415.10,14440000
2020-01-17,11438.00,11575.20,11735.30,11392.20,13330000
2020-01-20,11666.70,11438.00,11666.70,11300.70,12030000
2020-01-21,11826.90,11781.10,11895.50,11689.60,12450000
2020-01-22,12032.70,11826.90,12078.50,11826.90,18790000
2020-01-30,11575.20,11689.60,11849.70,11415.10,27440000
2020-01-31,11026.20,11438.00,11575.20,11026.20,23160000
2020-02-01,10980.40,10751.70,10980.40,10683.10,8910000
2020-02-03,10202.70,10156.90,10294.20,10156.90,8330000
2020-02-06,12375.90,12719.00,12719.00,12330.10,2420000
2020-02-07,12627.50,12581.80,12696.10,12536.00,27380000
2020-02-10,14885.70,15080.80,15192.30,14495.40,35470000
2020-02-11,17060.00,17032.10,17115.70,16920.60,18230000
2020-02-12,19680.30,19847.60,19875.40,19568.80,2570000
2020-02-13,10843.20,10866.10,10934.70,10797.40,11080000
2020-02-14,10843.20,10797.40,10866.10,10683.10,10640000
2020-02-17,10866.10,10843.20,10911.80,10797.40,5720000
2020-02-18,10660.20,10911.80,10911.80,10660.20,1570000
2020-02-19,10637.30,10660.20,10728.80,10568.70,11540000
2020-02-20,10866.10,10728.80,10866.10,10637.30,110000
2020-02-21,10774.60,10866.10,10888.90,10751.70,9510000
2020-02-24,10385.70,10408.50,10591.60,10385.70,27250000
2020-02-25,10568.70,10339.90,10568.70,10339.90,11170000
2020-02-26,10408.50,10408.50,10522.90,10385.70,9480000
2020-02-27,10500.00,10385.70,10545.80,10385.70,6990000
2020-02-28,10225.50,10317.00,10431.40,10179.80,13870000
2020-03-01,11049.10,11071.90,11140.60,11003.30,16490000
2020-03-02,11232.10,10660.20,11346.50,10385.70,25440000
2020-03-03,10202.70,10431.40,10431.40,10202.70,9290000
2020-03-04,8075.20,7892.20,8098.10,7869.30,1370000
2020-03-06,12330.10,12375.90,12444.50,12170.00,25310000
2020-03-07,12581.80,12673.30,12696.10,12536.00,17080000
2020-03-08,12767.10,12098.10,12822.90,12098.10,29650000
2020-03-09,13937.90,13937.90,14049.40,13882.10,25540000
2020-03-11,17115.70,17283.00,17450.30,17032.10,30750000
2020-03-12,20544.50,19819.70,20544.50,19680.30,39510000
2020-03-13,8715.70,8258.20,9013.10,8212.50,27030000
2020-03-16,8738.60,8784.40,9081.70,8670.00,19550000
2020-03-17,8784.40,8509.80,8830.10,8509.80,12750000
2020-03-18,9013.10,8875.90,9196.10,8853.00,2190000
2020-03-19,8761.50,8875.90,8921.60,8647.10,16370000
2020-03-20,8509.80,8807.20,8830.10,8509.80,28220000
2020-03-23,7915.10,7960.80,8235.30,7915.10,27270000
2020-03-24,7823.60,7777.80,7937.90,7617.70,29130000
2020-03-25,8143.80,8166.70,8166.70,7960.80,16340000
2020-03-26,7754.90,8029.40,8052.30,7732.10,17930000
2020-03-27,7411.80,7732.10,7777.80,7228.80,28310000
2020-03-30,7480.40,7000.00,7640.60,6977.20,22890000
2020-03-31,7709.20,7480.40,7937.90,6977.20,23510000
2020-04-02,11255.00,11277.80,11346.50,11026.20,17030000
2020-04-03,10225.50,10248.40,10339.90,10225.50,620000
2020-04-05,9607.90,9836.60,9859.50,9607.90,10180000
2020-04-06,12170.00,12353.00,12536.00,12170.00,28410000
2020-04-08,12822.90,12934.40,12990.10,12711.40,19460000
2020-04-09,13910.00,13742.80,13993.70,13742.80,33030000
2020-04-11,17087.90,17115.70,17283.00,16920.60,3210000
2020-04-12,20600.20,20656.00,20767.50,20460.80,31180000
2020-04-13,8853.00,8601.30,8921.60,8555.60,19040000
2020-04-14,9127.50,8830.10,9127.50,8784.40,18420000
2020-04-15,9196.10,9150.40,9287.60,9127.50,12550000
2020-04-16,9264.70,9127.50,9333.40,9036.00,14040000
2020-04-17,9470.60,9264.70,9516.40,9241.90,18570000
2020-04-20,9699.40,9607.90,9836.60,9402.00,19840000
2020-04-21,9241.90,9493.50,9722.30,9219.00,25130000
2020-04-22,9516.40,9379.10,9745.10,9287.60,23250000
2020-04-23,9882.40,9745.10,10042.50,9745.10,17580000
2020-04-24,10111.20,9928.10,10156.90,9745.10,17480000
2020-04-27,10042.50,10179.80,10339.90,9996.80,13980000
2020-04-28,9790.90,10065.40,10111.20,9722.30,16190000
2020-04-29,9836.60,9790.90,9928.10,9607.90,15680000
2020-05-02,11186.30,11369.30,11438.00,11071.90,14610000
2020-05-03,10225.50,10339.90,10362.80,10225.50,5460000
2020-05-05,9790.90,9790.90,9905.30,9745.10,12410000
2020-05-06,12375.90,12124.20,12490.30,11987.00,2850000
2020-05-08,13436.10,12822.90,13575.50,12767.10,45480000
2020-05-10,15248.10,14969.30,15275.90,14969.30,22450000
2020-05-11,16864.90,17087.90,17143.60,16864.90,20360000
2020-05-13,11026.20,10728.80,11071.90,10660.20,20230000
2020-05-14,10957.60,10888.90,11026.20,10843.20,13730000
2020-05-15,10751.70,10957.60,11003.30,10705.90,1670000
2020-05-18,11483.70,11186.30,11483.70,10980.40,28410000
2020-05-19,11964.10,12078.50,12284.40,11918.40,39680000
2020-05-20,12101.40,11895.50,12170.00,11735.30,2440000
2020-05-21,12124.20,12055.60,12147.10,11941.20,23620000
2020-05-22,12467.40,12055.60,12558.90,12009.90,34230000
2020-05-25,12490.30,12581.80,12719.00,12421.60,23520000
2020-05-26,12993.50,12513.10,12993.50,12490.30,24230000
2020-05-27,12444.50,13085.00,13085.00,12444.50,41650000
2020-05-28,12444.50,12581.80,12627.50,12307.20,30510000
2020-05-29,12536.00,12490.30,12673.30,12353.00,26490000
2020-06-01,10980.40,10980.40,11094.80,10911.80,11310000
2020-06-02,11529.50,11140.60,11529.50,11117.70,1940000
2020-06-03,10248.40,10225.50,10271.30,10179.80,6390000
2020-06-04,8624.20,8304.00,8624.20,8189.60,2150000
2020-06-05,10156.90,9859.50,10156.90,9836.60,16050000
2020-06-07,12627.50,12673.30,12696.10,12558.90,20560000
2020-06-08,13408.30,13436.10,13603.40,13268.90,24120000
2020-06-10,15749.80,15303.80,15749.80,15164.40,41440000
2020-06-11,16948.50,16892.70,17115.70,16837.00,23540000
2020-06-15,11621.00,12032.70,12124.20,11598.10,23870000
2020-06-16,11987.00,11895.50,12078.50,11735.30,19010000
2020-06-17,12009.90,11987.00,12101.40,11849.70,14880000
2020-06-18,12261.50,11872.60,12284.40,11826.90,19070000
2020-06-19,12513.10,12353.00,12513.10,12353.00,22180000
2020-06-22,12490.30,12536.00,12719.00,12330.10,20490000
2020-06-23,12353.00,12490.30,12673.30,12238.60,23970000
2020-06-24,12353.00,12353.00,12513.10,12261.50,13720000
2020-06-25,12490.30,12215.70,12719.00,12147.10,51410000
2020-06-26,12444.50,12536.00,12627.50,12353.00,19720000
2020-06-29,12192.90,12307.20,12353.00,12009.90,26070000
2020-06-30,12261.50,12261.50,12536.00,12147.10,31220000
2020-07-01,10843.20,11026.20,11071.90,10797.40,10260000
2020-07-02,11140.60,11529.50,11575.20,11071.90,1710000
2020-07-04,8692.80,8715.70,8738.60,8349.70,16120000
2020-07-05,10797.40,10202.70,10797.40,10202.70,31030000
2020-07-07,12970.60,12696.10,13222.30,12673.30,59070000
2020-07-08,13491.90,13380.40,13547.60,13352.50,21350000
2020-07-09,13659.10,13937.90,13993.70,13659.10,25160000
2020-07-10,15498.90,15666.20,15777.70,15498.90,25890000
2020-07-12,21297.10,20656.00,21408.60,20544.50,42820000
2020-07-13,12650.40,12604.60,12741.90,12467.40,30960000
2020-07-14,12764.80,12558.90,12787.60,12536.00,12120000
2020-07-15,12833.40,12902.00,12993.50,12833.40,13820000
2020-07-16,13085.00,12902.00,13222.30,12787.60,37730000
2020-07-17,13062.20,13130.80,13153.70,13062.20,14240000
2020-07-20,12810.50,13039.30,13130.80,12810.50,24440000
2020-07-21,12856.30,12856.30,12924.90,12719.00,24690000
2020-07-22,12856.30,12947.80,12993.50,12787.60,15710000
2020-07-23,12902.00,12856.30,12902.00,12673.30,21430000
2020-07-24,12284.40,12810.50,12833.40,12032.70,44830000
2020-07-27,11872.60,11918.40,12421.60,11804.00,38730000
2020-07-28,12513.10,12124.20,12581.80,11987.00,29740000
2020-07-29,12126.00,12432.60,12711.40,11791.50,32550000
2020-07-30,12321.10,12209.60,12432.60,12181.70,19930000
2020-07-31,12098.10,11958.70,12293.20,11958.70,13440000
2020-08-01,10728.80,10751.70,10820.30,10591.60,13520000
2020-08-04,8555.60,8418.30,8601.30,8372.60,10750000
2020-08-05,10705.90,10888.90,11049.10,10705.90,26290000
2020-08-06,12673.30,12581.80,12856.30,12490.30,36110000
2020-08-07,12833.40,12879.10,13016.40,12764.80,19280000
2020-08-09,13742.80,13714.90,13770.60,13631.30,21520000
2020-08-10,15666.20,15610.40,15666.20,15443.20,32010000
2020-08-12,21408.60,21297.10,21631.60,21185.60,35690000
2020-08-13,13659.10,13659.10,13714.90,13547.60,13270000
2020-08-14,13436.10,13659.10,13714.90,13324.60,26950000
2020-08-17,13547.60,13408.30,13547.60,13352.50,14790000
2020-08-18,13464.00,13603.40,13603.40,13436.10,90000
2020-08-19,13519.80,13491.90,13603.40,13436.10,16260000
2020-08-20,13436.10,13519.80,13575.50,13380.40,170000
2020-08-21,13575.50,13436.10,13603.40,13408.30,15670000
2020-08-24,13826.40,13659.10,13910.00,13603.40,24450000
2020-08-25,13687.00,13882.10,13965.80,13687.00,18820000
2020-08-26,13491.90,13659.10,13687.00,13491.90,28650000
2020-08-27,13547.60,13491.90,13575.50,13436.10,15450000
2020-08-28,13547.60,13659.10,13659.10,13519.80,20360000
2020-08-31,13687.00,13491.90,13826.40,13491.90,2340000
2020-09-01,10980.40,10797.40,11049.10,10797.40,9720000
2020-09-03,9539.30,9539.30,9859.50,9539.30,34890000
2020-09-04,8487.00,8601.30,8692.80,8487.00,15030000
2020-09-06,12398.70,12787.60,12810.50,12330.10,39370000
2020-09-07,12879.10,12856.30,12947.80,12787.60,15980000
2020-09-09,13659.10,13603.40,13910.00,13575.50,34450000
2020-09-10,15889.20,15722.00,16000.70,15610.40,16610000
2020-09-11,17561.80,17171.50,17561.80,17115.70,32140000
2020-09-12,21464.40,21464.40,21520.10,21241.40,26790000
2020-09-14,13714.90,13659.10,13798.50,13659.10,22330000
2020-09-15,13770.60,13798.50,13910.00,13742.80,15550000
2020-09-16,13770.60,13798.50,13826.40,13714.90,12090000
2020-09-17,14160.90,13798.50,14216.70,13770.60,46960000
2020-09-18,14328.20,14244.50,14328.20,14216.70,21890000
2020-09-21,14328.20,14439.70,14467.50,14272.40,20410000
2020-09-22,14244.50,14216.70,14328.20,14160.90,26830000
2020-09-23,14383.90,14300.30,14439.70,14244.50,22090000
2020-09-24,14300.30,14328.20,14439.70,14216.70,21820000
2020-09-25,14356.00,14383.90,14383.90,14216.70,17720000
2020-09-28,14718.40,14383.90,14718.40,14328.20,30840000
2020-09-29,14690.50,14746.30,14941.40,14690.50,32390000
2020-09-30,14718.40,14690.50,14802.10,14551.20,22790000
2020-10-01,11071.90,11026.20,11232.10,11003.30,21070000
2020-10-02,11140.60,10980.40,11277.80,10957.60,1010000
2020-10-03,9905.30,9379.10,9951.00,9379.10,17140000
2020-10-04,8601.30,8464.10,8692.80,8372.60,11710000
2020-10-06,12353.00,12353.00,12536.00,12192.90,20790000
2020-10-07,12696.10,12810.50,12924.90,12627.50,30450000
2020-10-08,13547.60,13631.30,13798.50,13547.60,24820000
2020-10-09,13687.00,13770.60,13854.30,13659.10,21250000
2020-10-11,17450.30,17896.30,17952.00,17450.30,36230000
2020-10-12,20962.60,21464.40,21520.10,20739.60,53360000
2020-10-13,15610.40,15722.00,15749.80,15554.70,18720000
2020-10-14,15805.60,15582.60,15805.60,15498.90,24990000
2020-10-15,16195.80,16725.50,16725.50,16195.80,53570000
2020-10-16,16223.70,16279.50,16446.70,16140.10,30390000
2020-10-19,16112.20,16251.60,16307.30,16084.30,1920000
2020-10-20,16363.10,16028.60,16363.10,16000.70,23380000
2020-10-21,16223.70,16418.80,16502.50,16168.00,18730000
2020-10-22,16502.50,16168.00,16502.50,16112.20,22940000
2020-10-23,17227.20,16614.00,17227.20,16530.40,51830000
2020-10-26,17171.50,17283.00,17840.50,17115.70,35730000
2020-10-27,17506.00,17060.00,17673.30,17032.10,44370000
2020-10-28,16948.50,17366.60,17645.40,16837.00,45040000
2020-10-29,17060.00,16697.60,17143.60,16697.60,36470000
2020-10-30,17032.10,17171.50,17227.20,16669.70,33410000
2020-11-02,10797.40,11186.30,11255.00,10728.80,26430000
2020-11-03,9402.00,9928.10,9973.90,9219.00,17960000
2020-11-05,10957.60,10843.20,11026.20,10660.20,15210000
2020-11-06,11666.70,12284.40,12421.60,11666.70,48170000
2020-11-08,13519.80,13603.40,13687.00,13436.10,16980000
2020-11-09,13631.30,13687.00,13742.80,13631.30,20490000
2020-11-11,17450.30,17450.30,17617.50,17366.60,25560000
2020-11-12,21631.60,21185.60,21631.60,21018.40,29210000
2020-11-13,17812.60,17561.80,17812.60,17533.90,21340000
2020-11-16,17979.90,18007.80,18258.70,17784.80,44820000
2020-11-17,18593.20,18119.30,18593.20,18063.50,28480000
2020-11-18,19290.10,18732.50,19290.10,18593.20,38810000
2020-11-19,19624.60,19345.80,19791.80,19206.40,46570000
2020-11-20,19903.30,19680.30,19903.30,19485.20,31840000
2020-11-23,20906.90,19903.30,21102.00,19791.80,41560000
2020-11-24,20906.90,21046.20,21464.40,20237.80,85880000
2020-11-25,19847.60,20516.60,20572.30,19624.60,97750000
2020-11-26,19568.80,19568.80,19736.10,19122.80,5820000
2020-11-27,20210.00,19513.10,20293.60,19513.10,28130000
2020-11-30,19791.80,20210.00,20293.60,19791.80,30640000
2020-12-02,10888.90,10751.70,11049.10,10728.80,20180000
2020-12-03,8807.20,8944.50,9058.90,8761.50,27460000
2020-12-05,10820.30,10820.30,10934.70,10705.90,22170000
2020-12-06,12124.20,11209.20,12124.20,11209.20,39760000
2020-12-08,13547.60,13547.60,13659.10,13436.10,15490000
2020-12-10,15749.80,15972.80,16028.60,15638.30,21510000
2020-12-11,17533.90,17450.30,17561.80,17422.40,17210000
2020-12-14,21882.50,21966.10,22021.90,21715.30,25420000
2020-12-15,21520.10,21771.00,21826.80,21464.40,34370000
2020-12-16,21631.60,21631.60,21938.30,21464.40,3040000
2020-12-17,20990.50,21408.60,21548.00,20990.50,53780000
2020-12-18,21520.10,21241.40,21603.70,21129.90,35020000
2020-12-21,21492.20,21743.10,21771.00,21380.70,27710000
2020-12-22,21938.30,21492.20,21994.00,21352.90,45720000
2020-12-23,22300.60,21994.00,22969.70,21966.10,49310000
2020-12-24,22272.80,22635.20,22746.70,21520.10,32480000
2020-12-25,22718.80,22300.60,22774.50,22021.90,39780000
2020-12-28,23164.80,23304.20,23387.80,22858.20,3690000
2020-12-29,23192.70,22997.50,23332.00,22886.00,23590000
2020-12-30,22802.40,23192.70,23192.70,22718.80,38450000
2020-12-31,23109.00,22802.40,23276.30,22690.90,20830000
2021-01-02,21380.70,21743.10,22217.00,21297.10,37420000
2021-01-03,25757.20,25785.10,25813.00,25534.20,38610000
2021-01-04,27039.50,26203.30,27039.50,26175.40,48580000
2021-01-06,42003.70,41322.60,42609.20,40868.50,43440000
2021-01-07,39960.30,39127.80,40036.00,39052.10,51570000
2021-01-09,37235.70,37084.40,37500.60,37008.70,19590000
2021-01-10,40414.40,40036.00,40641.50,39884.60,39620000
2021-01-11,42155.10,43214.70,43214.70,42155.10,58780000
2021-01-12,37084.40,37462.80,37462.80,37008.70,17970000
2021-01-13,24921.00,25199.70,25339.10,24753.70,28310000
2021-01-14,24781.60,24921.00,24921.00,24447.10,30760000
2021-01-15,24809.50,24698.00,25116.10,24698.00,25950000
2021-01-18,24865.20,24809.50,25004.60,24670.10,31790000
2021-01-19,23192.70,24865.20,24865.20,23136.90,45240000
2021-01-20,23248.40,23415.70,23945.30,22300.60,66540000
2021-01-21,24642.20,23889.60,24642.20,23304.20,36560000
2021-01-22,24335.60,24698.00,24921.00,24279.80,25970000
2021-01-25,24363.50,24112.60,25339.10,24028.90,58080000
2021-01-26,23582.90,24307.70,24307.70,23192.70,42290000
2021-01-27,22467.90,23081.20,23638.70,22021.90,49240000
2021-01-28,20906.90,20962.60,21771.00,20906.90,87640000
2021-01-29,21826.80,20628.10,22272.80,20628.10,70640000
2021-02-02,22579.40,21464.40,22579.40,21325.00,50090000
2021-02-03,26036.00,26091.80,26259.00,25757.20,41540000
2021-02-04,27346.20,27206.80,27485.50,27095.30,29270000
2021-02-06,40868.50,41625.30,42003.70,40111.70,520000
2021-02-07,39581.90,40111.70,40414.40,39506.20,39080000
2021-02-08,35759.90,35646.40,36251.90,35495.00,31470000
2021-02-11,42003.70,42003.70,42684.90,41776.70,33370000
2021-02-12,36781.60,37235.70,37273.60,36781.60,16680000
2021-02-17,24224.10,23666.60,24224.10,23582.90,42560000
2021-02-18,24447.10,24196.20,24530.70,23945.30,37460000
2021-02-19,24224.10,24140.40,24475.00,24028.90,29850000
2021-02-22,24196.20,24224.10,24753.70,23973.20,37490000
2021-02-23,24140.40,24084.70,24391.30,23945.30,31450000
2021-02-24,24307.70,24335.60,24753.70,24140.40,47880000
2021-02-25,24614.30,24530.70,24753.70,24335.60,38490000
2021-02-26,25422.70,24363.50,25478.50,24307.70,71830000
2021-03-02,23415.70,22969.70,23610.80,22858.20,61140000
2021-03-03,26091.80,25952.40,26231.10,25924.50,39070000
2021-03-06,41095.50,40868.50,41322.60,40111.70,48060000
2021-03-08,35759.90,35797.80,36062.70,35381.50,36790000
2021-03-11,42079.40,42533.50,42609.20,41852.40,38830000
2021-03-12,36100.50,36933.00,37197.90,36100.50,28190000
2021-03-15,25924.50,25980.20,26147.50,25868.70,20890000
2021-03-16,25701.50,25980.20,25980.20,25534.20,24740000
2021-03-17,25813.00,25729.40,25896.60,25673.60,2140000
2021-03-18,25980.20,26036.00,26063.90,25840.90,1960000
2021-03-19,26286.90,25980.20,26454.10,25980.20,32280000
2021-03-22,26063.90,26370.50,26454.10,26036.00,19390000
2021-03-23,25980.20,26008.10,26259.00,25868.70,21920000
2021-03-24,25339.10,25673.60,25840.90,25144.00,41510000
2021-03-25,25088.20,25478.50,25506.40,24976.70,34980000
2021-03-26,25757.20,25367.00,25757.20,25116.10,49330000
2021-03-29,25813.00,25924.50,25980.20,25729.40,23260000
2021-03-30,25896.60,25924.50,26063.90,25701.50,2340000
2021-03-31,26091.80,25896.60,26398.40,25840.90,28650000
2021-04-01,23582.90,23415.70,23973.20,23220.50,27790000
2021-04-02,23304.20,23415.70,23527.20,23164.80,39050000
2021-04-03,25590.00,26147.50,26147.50,25088.20,49070000
2021-04-05,33339.50,31945.70,33674.00,31778.40,57910000
2021-04-06,41246.90,41246.90,41852.40,41095.50,41180000
2021-04-08,35949.10,35987.00,36327.60,35759.90,31630000
2021-04-10,42003.70,40792.80,42306.50,40792.80,58960000
2021-04-11,42609.20,42079.40,43063.30,42079.40,1930000
2021-04-13,27931.60,28712.10,28712.10,27931.60,47310000
2021-04-14,29548.40,27931.60,29715.60,27820.10,50460000
2021-04-15,30384.60,29827.10,30496.10,29269.60,5630000
2021-04-16,30440.40,30161.60,31053.60,29827.10,4990000
2021-04-19,32224.40,30774.90,32224.40,30496.10,61090000
2021-04-20,31889.90,32335.90,32670.40,31220.90,66390000
2021-04-22,30663.40,31499.70,32280.20,30663.40,580000
2021-04-23,31443.90,30942.10,31443.90,30551.90,50010000
2021-04-26,30719.10,31499.70,31555.40,30663.40,44150000
2021-04-27,31388.20,30719.10,31443.90,30328.90,37370000
2021-04-28,31220.90,31388.20,31499.70,30942.10,27410000
2021-04-29,32391.70,31499.70,32726.20,31443.90,48930000
2021-05-01,23610.80,23304.20,23861.70,23248.40,3270000
2021-05-02,23694.40,23387.80,23805.90,23248.40,41020000
2021-05-03,25645.70,25450.60,25701.50,25144.00,37550000
2021-05-04,27485.50,27597.00,27652.80,27290.40,26990000
2021-05-05,33060.70,33451.00,33618.20,33060.70,42940000
2021-05-07,38749.40,39581.90,39581.90,38446.70,48190000
2021-05-08,36933.00,35911.30,37084.40,35835.60,38620000
2021-05-10,41852.40,42003.70,42306.50,41701.00,34540000
2021-05-11,42836.20,42609.20,43139.00,42155.10,25190000
2021-05-13,34287.20,34789.00,35123.50,34287.20,43270000
2021-05-14,34231.50,34566.00,34844.80,34008.50,55840000
2021-05-17,34510.20,34231.50,34789.00,33785.50,59680000
2021-05-18,35346.50,34844.80,35513.80,34844.80,6870000
2021-05-19,36851.80,35681.00,37186.30,35402.30,49860000
2021-05-20,37130.60,36907.60,37186.30,36517.30,37820000
2021-05-21,36573.10,36851.80,37019.10,36461.50,40280000
2021-05-24,36461.50,36573.10,36851.80,36238.50,4140000
2021-05-25,37576.60,36405.80,37799.60,36350.00,39820000
2021-05-26,37799.60,37576.60,37799.60,37465.10,27180000
2021-05-27,37242.10,37743.80,37799.60,36907.60,33630000
2021-05-28,37409.30,37409.30,37520.80,36907.60,52890000
2021-05-31,39884.60,39884.60,39884.60,39203.50,7840000
2021-06-01,23861.70,23694.40,24140.40,23582.90,3150000
2021-06-04,27541.30,27485.50,27624.90,27374.00,24630000
2021-06-05,33116.50,33060.70,33618.20,32781.90,37930000
2021-06-07,36327.60,38673.70,39506.20,36327.60,62680000
2021-06-08,36630.30,36781.60,37160.10,36554.60,26130000
2021-06-09,38749.40,37462.80,38900.80,37387.10,62530000
2021-06-10,42457.80,42230.80,42609.20,41928.10,3480000
2021-06-12,34624.70,35949.10,36289.70,34435.50,45020000
2021-06-14,40565.80,40490.10,41095.50,39960.30,37160000
2021-06-15,40263.00,40111.70,40565.80,39884.60,28220000
2021-06-16,39203.50,39960.30,40111.70,38976.40,37610000
2021-06-17,38900.80,38522.30,39279.20,38522.30,26280000
2021-06-18,39430.50,39279.20,40338.70,38900.80,37690000
2021-06-21,38749.40,39354.90,39733.30,38749.40,29390000
2021-06-22,39127.80,38976.40,39657.60,38749.40,240000
2021-06-23,38900.80,39052.10,39279.20,38673.70,24130000
2021-06-24,38295.30,38900.80,39127.80,38219.60,25980000
2021-06-25,38371.00,38371.00,38749.40,37689.80,34050000
2021-06-28,39657.60,38825.10,39733.30,38446.70,50910000
2021-06-29,39203.50,39733.30,39808.90,39127.80,25780000
2021-06-30,38976.40,39279.20,39506.20,38900.80,24570000
2021-07-01,23861.70,24056.80,24084.70,23555.10,38230000
2021-07-04,27569.20,27541.30,27652.80,27262.50,25290000
2021-07-05,33897.00,33005.00,34287.20,32949.20,51870000
2021-07-06,39884.60,41322.60,41625.30,39354.90,45050000
2021-07-07,37765.50,37084.40,37765.50,36214.00,52720000
2021-07-09,38371.00,39052.10,39354.90,38295.30,40620000
2021-07-10,42079.40,42684.90,42911.90,42003.70,3480000
2021-07-12,36024.80,35154.50,36024.80,34813.90,28520000
2021-07-13,34435.50,34435.50,34813.90,33716.50,33150000
2021-07-14,34057.10,34738.20,34813.90,33565.10,35660000
2021-07-15,35192.30,33754.40,35457.20,33754.40,37110000
2021-07-16,35381.50,35343.70,35911.30,35192.30,28930000
2021-07-19,33527.30,34549.00,34738.20,33300.30,51250000
2021-07-20,35797.80,34057.10,35797.80,33640.80,53260000
2021-07-21,35381.50,35949.10,36176.20,35268.00,27740000
2021-07-22,35722.10,35343.70,36100.50,35041.00,27940000
2021-07-23,34662.50,35419.40,35570.70,34662.50,37580000
2021-07-26,34511.20,34435.50,34889.60,33792.20,30530000
2021-07-27,34965.30,34813.90,35419.40,34586.90,23670000
2021-07-28,35343.70,35041.00,35646.40,34965.30,27580000
2021-07-29,35646.40,35532.90,36100.50,35419.40,42620000
2021-07-30,35797.80,35646.40,36024.80,35646.40,29920000
2021-08-01,23833.80,23917.40,24140.40,23750.20,35060000
2021-08-02,22802.40,23694.40,23750.20,22300.60,57770000
2021-08-03,25813.00,25980.20,26147.50,25645.70,3120000
2021-08-04,27513.40,27597.00,27652.80,27318.30,21010000
2021-08-06,37841.20,39581.90,40036.00,37841.20,50030000
2021-08-07,37084.40,37765.50,37916.90,36781.60,39820000
2021-08-09,38825.10,38371.00,39279.20,38143.90,42950000
2021-08-10,42155.10,42230.80,42533.50,41776.70,2820000
2021-08-11,42987.60,43063.30,43139.00,42533.50,27630000
2021-08-12,35722.10,36251.90,36251.90,35608.60,14440000
2021-08-13,36819.50,36630.30,36857.30,36100.50,33550000
2021-08-16,37425.00,37084.40,37462.80,37046.50,28890000
2021-08-17,38143.90,37576.30,38522.30,37538.50,59130000
2021-08-18,38143.90,38219.60,38522.30,37765.50,26210000
2021-08-19,38522.30,38295.30,38825.10,38143.90,35760000
2021-08-20,37084.40,38446.70,38598.00,36478.90,64130000
2021-08-23,35949.10,37084.40,37084.40,35949.10,42670000
2021-08-24,36138.30,36024.80,36516.80,35949.10,28510000
2021-08-25,36630.30,36289.70,36706.00,35873.50,21320000
2021-08-26,36100.50,36781.60,36781.60,35987.00,18020000
2021-08-27,36024.80,35949.10,36214.00,35381.50,31840000
2021-08-30,36857.30,36327.60,36895.20,36062.70,22110000
2021-08-31,37311.40,37084.40,37614.20,36933.00,33630000
2021-09-02,23304.20,22802.40,23359.90,22551.50,45920000
2021-09-03,25562.10,25645.70,25757.20,25116.10,28590000
2021-09-04,27624.90,27485.50,27820.10,27346.20,27420000
2021-09-06,38068.30,37765.50,38900.80,37084.40,53240000
2021-09-07,35797.80,36706.00,37160.10,34813.90,60960000
2021-09-08,37614.20,36403.20,37614.20,36289.70,39550000
2021-09-09,39279.20,39052.10,39657.60,38976.40,47730000
2021-09-11,42760.60,42987.60,43593.10,42684.90,32130000
2021-09-12,35646.40,35495.00,35797.80,35419.40,13420000
2021-09-13,38446.70,38976.40,38976.40,38371.00,3540000
2021-09-14,38068.30,38446.70,38598.00,37992.60,29160000
2021-09-15,39052.10,37916.90,39354.90,37765.50,33680000
2021-09-16,38825.10,39354.90,39581.90,38825.10,23380000
2021-09-17,39203.50,38900.80,39354.90,38825.10,31910000
2021-09-20,38825.10,39657.60,39657.60,38522.30,42030000
2021-09-21,38446.70,38295.30,38749.40,37992.60,3750000
2021-09-22,38522.30,38446.70,38673.70,38295.30,17090000
2021-09-23,38598.00,38825.10,39279.20,38522.30,23110000
2021-09-24,38446.70,38598.00,39127.80,38371.00,20650000
2021-09-27,38446.70,38900.80,39354.90,38446.70,37010000
2021-09-28,39808.90,38295.30,39884.60,38295.30,46290000
2021-09-29,40338.70,39884.60,40565.80,39808.90,45370000
2021-09-30,40036.00,40641.50,40641.50,39960.30,30090000
2021-10-03,25422.70,25562.10,25562.10,25171.80,27680000
2021-10-05,35123.50,33897.00,35290.80,33897.00,49420000
2021-10-06,39052.10,37992.60,39808.90,37841.20,38110000
2021-10-08,37387.10,37916.90,38219.60,37160.10,30310000
2021-10-09,38976.40,39354.90,39506.20,38900.80,22380000
2021-10-11,41852.40,42760.60,42836.20,41776.70,56390000
2021-10-12,35192.30,35608.60,35722.10,35116.60,25260000
2021-10-13,42987.60,43139.00,43441.70,42760.60,20260000
2021-10-14,42987.60,42987.60,43441.70,42911.90,25060000
2021-10-15,43366.00,43366.00,43668.70,43139.00,24080000
2021-10-18,43820.10,43593.10,44198.50,43517.40,26960000
2021-10-19,43290.30,43593.10,43895.80,43214.70,30840000
2021-10-20,43063.30,43441.70,43517.40,42230.80,45060000
2021-10-21,43290.30,43290.30,44047.20,42836.20,50950000
2021-10-22,42911.90,43441.70,43744.40,42911.90,2580000
2021-10-25,41701.00,42760.60,42911.90,41701.00,54090000
2021-10-26,42609.20,41474.00,42609.20,41019.90,36280000
2021-10-27,43820.10,42609.20,43820.10,42609.20,37620000
2021-10-28,43895.80,43820.10,44047.20,43366.00,2850000
2021-10-29,43214.70,43895.80,43971.50,43214.70,31040000
2021-11-01,24001.10,24028.90,24140.40,23750.20,29210000
2021-11-03,25868.70,25590.00,26008.10,25534.20,27320000
2021-11-05,34566.00,35290.80,35290.80,34566.00,51890000
2021-11-06,40187.40,39430.50,40263.00,39052.10,37740000
2021-11-08,37046.50,37689.80,37689.80,37046.50,28460000
2021-11-10,43290.30,42457.80,43366.00,42155.10,33210000
2021-11-11,40868.50,41625.30,41852.40,40565.80,70580000
2021-11-15,40565.80,41246.90,41322.60,40338.70,39840000
2021-11-16,39354.90,40338.70,40565.80,39354.90,51710000
2021-11-17,38900.80,39354.90,39808.90,38900.80,390000
2021-11-18,37803.40,38900.80,38900.80,37538.50,76190000
2021-11-19,36327.60,37538.50,37614.20,36251.90,63010000
2021-11-22,36819.50,36478.90,37235.70,36327.60,29420000
2021-11-23,37500.60,37008.70,37689.80,36781.60,20340000
2021-11-24,36819.50,37462.80,37614.20,36706.00,35260000
2021-11-25,37273.60,36857.30,37349.30,36857.30,28290000
2021-11-26,37122.20,37311.40,37803.40,37084.40,34750000
2021-11-29,36630.30,36478.90,37008.70,36478.90,28340000
2021-11-30,37046.50,37046.50,37803.40,36706.00,28830000
2021-12-01,25032.50,24084.70,25032.50,23917.40,39910000
2021-12-03,25896.60,25980.20,25980.20,25757.20,21330000
2021-12-04,28544.80,27820.10,28712.10,27736.40,4740000
2021-12-05,34956.30,34343.00,34956.30,34175.70,51450000
2021-12-07,34019.20,35343.70,35495.00,33300.30,98150000
2021-12-08,36630.30,37008.70,37084.40,36630.30,28010000
2021-12-10,43139.00,43366.00,43593.10,42987.60,23540000
2021-12-11,41322.60,40792.80,41474.00,40717.10,2710000
2021-12-13,35230.20,35230.20,35684.30,35041.00,1860000
2021-12-14,36100.50,35230.20,37160.10,34965.30,46380000
2021-12-15,36176.20,36327.60,36781.60,36100.50,11760000
2021-12-16,35949.10,36403.20,36403.20,35797.80,14340000
2021-12-17,35343.70,35835.60,35987.00,35268.00,28620000
2021-12-20,35495.00,35343.70,35835.60,35192.30,12980000
2021-12-21,34889.60,35495.00,35532.90,34889.60,22220000
2021-12-22,34132.80,35041.00,35192.30,34132.80,32070000
2021-12-23,34019.20,34132.80,34132.80,33375.90,34680000
2021-12-24,34851.70,34284.10,35305.80,34246.30,24920000
2021-12-27,34738.20,35230.20,35268.00,34473.30,13880000
2021-12-28,34662.50,34738.20,35343.70,34511.20,16060000
2021-12-29,34662.50,34662.50,35041.00,34435.50,19650000
2021-12-30,34586.90,35041.00,35041.00,34586.90,13370000
2021-12-31,35116.60,34813.90,35305.80,34700.40,17920000
2022-01-03,35495.00,36100.50,36403.20,35457.20,30390000
2022-01-04,34586.90,34057.10,34813.90,33678.70,25610000
2022-01-06,25996.90,26110.40,26337.50,25580.70,28140000
2022-01-07,22400.00,22300.00,22600.00,21550.00,1520000
2022-01-08,22800.00,21700.00,22850.00,21600.00,38140000
2022-01-11,15000.00,15750.00,16000.00,14800.00,81550000
2022-01-12,18200.00,18750.00,19650.00,18000.00,66590000
2022-01-13,35343.70,35041.00,35797.80,34965.30,32490000
2022-01-14,35003.10,35192.30,35457.20,34965.30,10270000
2022-01-17,33830.00,35003.10,35192.30,33830.00,28160000
2022-01-18,33300.30,33678.70,34246.30,32543.40,27870000
2022-01-19,32921.80,33603.00,33716.50,32884.00,23020000
2022-01-20,33300.30,33148.90,33451.60,32770.50,19070000
2022-01-21,32770.50,33300.30,33640.80,32619.10,21160000
2022-01-24,30802.70,32619.10,32694.80,30802.70,38250000
2022-01-25,32732.60,30651.40,32770.50,30424.30,23250000
2022-01-26,32884.00,32921.80,33640.80,32884.00,19770000
2022-01-27,31900.10,32694.80,32921.80,31786.60,19110000
2022-01-28,31938.00,31975.80,32392.10,31559.60,19420000
2022-02-03,35495.00,35570.70,35835.60,35268.00,25860000
2022-02-06,25088.70,25732.00,25959.10,25013.00,32990000
2022-02-08,22900.00,22900.00,23150.00,22700.00,27730000
2022-02-11,15350.00,15000.00,15700.00,15000.00,40120000
2022-02-12,19450.00,18000.00,19450.00,17800.00,45680000
2022-02-14,34965.30,35192.30,35949.10,34927.40,23720000
2022-02-15,34813.90,34965.30,35230.20,34359.80,20230000
2022-02-16,34813.90,34889.60,35192.30,34511.20,12160000
2022-02-17,35192.30,34813.90,35381.50,34813.90,14760000
2022-02-18,35608.60,34965.30,36062.70,34851.70,27790000
2022-02-21,35305.80,35646.40,35949.10,35230.20,15830000
2022-02-22,35116.60,35041.00,35268.00,34586.90,22970000
2022-02-23,35343.70,35305.80,35722.10,35003.10,16880000
2022-02-24,34813.90,35381.50,35457.20,34132.80,29180000
2022-02-25,34738.20,34889.60,35078.80,34738.20,16610000
2022-02-28,35722.10,34851.70,36176.20,34851.70,45760000
2022-03-03,37916.90,36024.80,37916.90,35797.80,99110000
2022-03-06,25277.90,25202.20,25732.00,25164.40,19120000
2022-03-08,23750.00,22700.00,23850.00,22600.00,58850000
2022-03-10,19750.00,21200.00,21200.00,19750.00,33570000
2022-03-11,15200.00,15250.00,15450.00,15100.00,20630000
2022-03-14,34662.50,35797.80,36478.90,34662.50,440000
2022-03-15,34927.40,34776.10,35343.70,34397.70,27120000
2022-03-16,34965.30,35495.00,35684.30,34965.30,14840000
2022-03-17,34776.10,35268.00,35343.70,34738.20,19450000
2022-03-18,35192.30,34965.30,35457.20,34851.70,23050000
2022-03-21,35457.20,35343.70,35722.10,35116.60,25110000
2022-03-22,35495.00,35495.00,35532.90,35041.00,29860000
2022-03-23,35419.40,35722.10,35911.30,35419.40,22480000
2022-03-24,35116.60,35570.70,35570.70,35078.80,19410000
2022-03-25,35116.60,35230.20,35532.90,34965.30,17480000
2022-03-28,34738.20,34889.60,35457.20,34662.50,25360000
2022-03-29,34700.40,34965.30,35003.10,34662.50,16880000
2022-03-30,34435.50,34662.50,35116.60,34359.80,20440000
2022-03-31,34132.80,34549.00,34776.10,33905.70,24560000
2022-04-01,35381.50,35419.40,35722.10,35268.00,26130000
2022-04-03,37689.80,38598.00,38825.10,37689.80,43390000
2022-04-04,34700.40,34813.90,35041.00,34624.70,1580000
2022-04-05,31786.60,32770.50,32770.50,31786.60,19370000
2022-04-07,22000.00,22650.00,22650.00,22000.00,12440000
2022-04-08,23650.00,23900.00,23950.00,23500.00,30030000
2022-04-10,18850.00,20100.00,20250.00,18650.00,30510000
2022-04-11,14650.00,15000.00,15150.00,14500.00,43890000
2022-04-13,34208.40,34284.10,34397.70,33830.00,16530000
2022-04-14,33981.40,34284.10,34473.30,33981.40,15650000
2022-04-15,33451.60,33981.40,34057.10,33413.80,23890000
2022-04-18,32278.50,33338.10,33716.50,32278.50,30140000
2022-04-19,32770.50,32543.40,33224.60,32467.80,24770000
2022-04-20,32694.80,32921.80,33300.30,32619.10,17210000
2022-04-21,32808.30,32543.40,33375.90,31862.30,23160000
2022-04-22,33148.90,33300.30,33338.10,32051.50,16510000
2022-04-25,30840.60,33148.90,33148.90,30840.60,37770000
2022-04-26,31181.20,30386.50,31332.50,29970.20,30260000
2022-04-27,32165.00,31181.20,32467.80,31105.50,24410000
2022-04-28,32619.10,32165.00,32884.00,32165.00,1770000
2022-04-29,32770.50,32467.80,32846.20,32429.90,16050000
2022-05-01,35419.40,35495.00,35835.60,35419.40,24390000
2022-05-04,34889.60,34813.90,35116.60,34776.10,15760000
2022-05-05,31824.50,32240.70,32240.70,31408.20,17960000
2022-05-07,21900.00,22100.00,22350.00,21750.00,15090000
2022-05-08,23300.00,23400.00,23650.00,23150.00,42520000
2022-05-09,23900.00,23050.00,24100.00,23050.00,26280000
2022-05-10,19200.00,19200.00,19350.00,18850.00,25320000
2022-05-12,20000.00,19800.00,20400.00,19500.00,46510000
2022-05-13,27170.00,28872.80,29175.60,27056.50,5590000
2022-05-16,27472.70,28040.30,28380.90,27472.70,38210000
2022-05-17,28910.70,27397.00,28910.70,27245.70,30440000
2022-05-18,28910.70,29062.00,29289.10,28645.80,2090000
2022-05-19,28683.60,28229.50,28835.00,27889.00,20850000
2022-05-20,28494.40,28532.30,28607.90,28191.70,18110000
2022-05-23,27813.30,28721.50,28910.70,27472.70,13230000
2022-05-24,26413.20,27813.30,28002.50,25883.40,54860000
2022-05-25,26072.60,26110.40,26451.00,25013.00,51240000
2022-05-26,26488.80,26488.80,26942.90,26148.30,21090000
2022-05-27,26829.40,26488.80,27170.00,26337.50,22870000
2022-05-30,26829.40,26867.30,27132.10,26715.90,19570000
2022-05-31,26261.80,26753.70,26753.70,26110.40,24490000
2022-06-01,34889.60,35192.30,35343.70,34889.60,22320000
2022-06-04,35759.90,34813.90,36289.70,34813.90,38620000
2022-06-05,31635.20,31332.50,32543.40,31332.50,19510000
2022-06-06,25202.20,25845.50,25921.20,25050.90,2310000
2022-06-07,21450.00,21700.00,22250.00,21300.00,18230000
2022-06-09,23550.00,24000.00,24200.00,23550.00,15330000
2022-06-10,18000.00,19300.00,19300.00,18000.00,37460000
2022-06-12,18600.00,19900.00,19950.00,18600.00,62780000
2022-06-13,24067.00,24975.20,25353.60,23991.30,27610000
2022-06-14,22931.80,23840.00,23877.80,22856.10,36970000
2022-06-15,22250.60,22780.40,23385.90,21834.40,37310000
2022-06-16,23461.50,22818.20,23726.40,22629.00,4340000
2022-06-17,23200.00,23450.00,23500.00,21950.00,30240000
2022-06-20,21600.00,22750.00,23000.00,21600.00,37270000
2022-06-21,20800.00,21350.00,21500.00,20500.00,39940000
2022-06-22,21500.00,20850.00,22000.00,20850.00,21440000
2022-06-23,21800.00,21500.00,21850.00,21500.00,6930000
2022-06-24,21800.00,21850.00,22500.00,21700.00,12830000
2022-06-27,22900.00,22000.00,22900.00,21350.00,20740000
2022-06-28,22500.00,22850.00,22850.00,22250.00,17840000
2022-06-29,22750.00,22300.00,23150.00,22100.00,20190000
2022-06-30,22300.00,22900.00,23400.00,22300.00,19950000
2022-07-01,34662.50,34889.60,34965.30,34549.00,21240000
2022-07-02,32581.30,32392.10,33073.20,31635.20,21590000
2022-07-03,38673.70,37992.60,39733.30,37841.20,49990000
2022-07-04,35230.20,35949.10,36024.80,35230.20,18870000
2022-07-06,25126.60,25202.20,25391.40,24710.30,25190000
2022-07-07,21750.00,21450.00,21750.00,21400.00,10830000
2022-07-09,23000.00,23550.00,23800.00,23000.00,25030000
2022-07-10,17600.00,17650.00,17800.00,17050.00,36470000
2022-07-11,13700.00,14550.00,14800.00,13700.00,38260000
2022-07-12,18250.00,18000.00,19150.00,17700.00,34620000
2022-07-13,22300.00,22200.00,22800.00,22150.00,17860000
2022-07-14,22200.00,22200.00,22400.00,22100.00,12520000
2022-07-15,23200.00,22350.00,23500.00,22350.00,4770000
2022-07-18,22600.00,23200.00,23300.00,22500.00,19930000
2022-07-19,22150.00,22500.00,22600.00,22100.00,16280000
2022-07-20,22350.00,22350.00,22750.00,22300.00,16890000
2022-07-21,22700.00,22350.00,23000.00,22300.00,23040000
2022-07-22,22200.00,22700.00,22800.00,22200.00,16640000
2022-07-25,21900.00,22200.00,22300.00,21800.00,20720000
2022-07-26,21650.00,21800.00,22000.00,21600.00,26380000
2022-07-27,21250.00,21450.00,21500.00,21050.00,2860000
2022-07-28,21400.00,21500.00,21700.00,21250.00,23510000
2022-07-29,21500.00,21600.00,21950.00,21500.00,20590000
2022-08-02,34473.30,32543.40,34473.30,32543.40,34490000
2022-08-03,37425.00,38295.30,38749.40,37425.00,52660000
2022-08-04,35116.60,35381.50,35608.60,35078.80,17860000
2022-08-06,24899.50,25202.20,25315.80,24786.00,32290000
2022-08-07,22450.00,22000.00,22550.00,22000.00,1950000
2022-08-08,23600.00,23400.00,23900.00,23300.00,30370000
2022-08-09,23100.00,23200.00,23450.00,22900.00,20370000
2022-08-11,13150.00,13100.00,13700.00,13000.00,46270000
2022-08-12,18900.00,18900.00,19350.00,18500.00,29940000
2022-08-15,24000.00,24100.00,24200.00,23800.00,31510000
2022-08-16,24550.00,24000.00,24700.00,24000.00,65490000
2022-08-17,24300.00,24600.00,24650.00,24150.00,27440000
2022-08-18,24150.00,24100.00,24350.00,24050.00,23220000
2022-08-19,23750.00,24100.00,24250.00,23650.00,31460000
2022-08-22,23350.00,23650.00,23750.00,23150.00,2380000
2022-08-23,23650.00,23100.00,23650.00,23100.00,16690000
2022-08-24,23500.00,23650.00,23750.00,23500.00,12130000
2022-08-25,23850.00,23750.00,24050.00,23600.00,18260000
2022-08-26,23500.00,24000.00,24000.00,23500.00,16470000
2022-08-29,23000.00,23050.00,23250.00,22650.00,32470000
2022-08-30,23050.00,23100.00,23300.00,22950.00,15310000
2022-08-31,23000.00,23000.00,23150.00,22750.00,14980000
2022-09-02,35797.80,34662.50,36554.60,34586.90,52390000
2022-09-03,37727.70,37841.20,38068.30,36970.90,45210000
2022-09-05,30235.10,31408.20,31710.90,30235.10,34170000
2022-09-06,25580.70,24899.50,26148.30,24786.00,35070000
2022-09-08,24100.00,23900.00,24300.00,23650.00,48220000
2022-09-09,23800.00,23350.00,23800.00,23100.00,26050000
2022-09-11,13000.00,13200.00,13600.00,12950.00,32790000
2022-09-12,19200.00,18900.00,19450.00,18500.00,34550000
2022-09-13,23700.00,23750.00,24000.00,23500.00,14680000
2022-09-14,23700.00,23250.00,23800.00,23250.00,27030000
2022-09-15,23600.00,23900.00,23900.00,23450.00,13730000
2022-09-16,23000.00,23400.00,23600.00,23000.00,27510000
2022-09-19,22650.00,23100.00,23250.00,22450.00,27480000
2022-09-20,23000.00,22800.00,23000.00,22600.00,11510000
2022-09-21,22900.00,22900.00,22950.00,22700.00,9920000
2022-09-22,23000.00,22700.00,23100.00,22650.00,11590000
2022-09-23,22700.00,23050.00,23200.00,22700.00,14590000
2022-09-26,22400.00,22450.00,22600.00,21850.00,25880000
2022-09-27,22400.00,22450.00,22500.00,22100.00,9010000
2022-09-28,21800.00,22200.00,22450.00,21600.00,14070000
2022-09-29,21650.00,22150.00,22300.00,21650.00,10330000
2022-09-30,21200.00,21500.00,21650.00,20700.00,23370000
2022-10-01,34549.00,34700.40,35305.80,34435.50,22720000
2022-10-02,35570.70,35873.50,36251.90,35343.70,30680000
2022-10-03,37197.90,37841.20,37916.90,37160.10,34880000
2022-10-05,31105.50,29894.60,31105.50,29289.10,25270000
2022-10-06,25429.30,25580.70,25921.20,25429.30,19740000
2022-10-08,23800.00,24000.00,24400.00,23800.00,30120000
2022-10-10,18350.00,17300.00,18600.00,17200.00,25060000
2022-10-11,12100.00,12700.00,12800.00,12100.00,79750000
2022-10-13,19500.00,18800.00,19600.00,18550.00,2420000
2022-10-14,19450.00,19750.00,19900.00,19300.00,22590000
2022-10-17,19250.00,19250.00,19350.00,18900.00,17060000
2022-10-18,18850.00,19500.00,19700.00,18700.00,24390000
2022-10-19,18400.00,18850.00,18850.00,18350.00,20240000
2022-10-20,18100.00,18350.00,18600.00,18050.00,26030000
2022-10-21,16900.00,18300.00,18300.00,16900.00,45160000
2022-10-24,16400.00,17000.00,17050.00,16200.00,27970000
2022-10-25,17100.00,16400.00,17500.00,16050.00,31110000
2022-10-26,16900.00,17000.00,17400.00,16850.00,11240000
2022-10-27,17400.00,16950.00,17600.00,16900.00,21370000
2022-10-28,16800.00,17400.00,17650.00,16800.00,3120000
2022-10-31,15650.00,15650.00,16000.00,15650.00,6630000
2022-11-01,34132.80,34851.70,34851.70,34132.80,16590000
2022-11-02,35684.30,35268.00,35949.10,35041.00,22550000
2022-11-03,36024.80,37235.70,37311.40,35457.20,57640000
2022-11-05,30764.90,31029.80,31256.80,30689.20,12430000
2022-11-07,22050.00,22400.00,22650.00,21950.00,12480000
2022-11-08,23400.00,24050.00,24150.00,23300.00,34350000
2022-11-10,17500.00,18400.00,18400.00,17350.00,26450000
2022-11-11,12300.00,12300.00,12650.00,12000.00,60720000
2022-11-14,12200.00,12150.00,12450.00,11850.00,60270000
2022-11-15,12500.00,12000.00,12550.00,12000.00,40420000
2022-11-16,13350.00,12300.00,13350.00,11800.00,3490000
2022-11-17,14250.00,13900.00,14250.00,13800.00,21510000
2022-11-18,15100.00,14600.00,15200.00,14250.00,99660000
2022-11-21,14950.00,15200.00,15250.00,14750.00,3160000
2022-11-22,14800.00,14650.00,15450.00,14450.00,43250000
2022-11-23,13800.00,14700.00,14850.00,13800.00,3030000
2022-11-24,14350.00,13700.00,14400.00,13600.00,31120000
2022-11-25,15300.00,14600.00,15300.00,14350.00,26530000
2022-11-28,16350.00,15600.00,16350.00,15600.00,58840000
2022-11-29,17400.00,16600.00,17450.00,16350.00,64310000
2022-11-30,18400.00,17550.00,18400.00,17200.00,57720000
2022-12-01,34965.30,34208.40,35003.10,34170.60,19090000
2022-12-04,34132.80,35192.30,35192.30,34094.90,2370000
2022-12-05,28948.50,30727.10,30764.90,28948.50,32830000
2022-12-07,22300.00,22050.00,22500.00,21950.00,12150000
2022-12-08,23950.00,23300.00,24050.00,23250.00,3380000
2022-12-09,23800.00,23900.00,24300.00,23800.00,26170000
2022-12-10,18700.00,17800.00,18700.00,17500.00,290000
2022-12-12,18600.00,19200.00,19550.00,18600.00,35830000
2022-12-13,19000.00,18600.00,19000.00,18250.00,24340000
2022-12-14,19200.00,19350.00,19600.00,19000.00,34290000
2022-12-15,19350.00,19100.00,19650.00,19100.00,20980000
2022-12-16,20400.00,19200.00,20450.00,18950.00,55380000
2022-12-19,20000.00,20600.00,21250.00,20000.00,48040000
2022-12-20,19000.00,19800.00,20100.00,18750.00,45550000
2022-12-21,18900.00,19400.00,19450.00,18100.00,2770000
2022-12-22,18900.00,19100.00,19600.00,18700.00,18970000
2022-12-23,18350.00,18850.00,18900.00,18100.00,24810000
2022-12-26,17100.00,18300.00,18300.00,17100.00,31370000
2022-12-27,18250.00,17100.00,18250.00,17100.00,23660000
2022-12-28,18200.00,18400.00,18500.00,17950.00,14310000
2022-12-29,18000.00,18300.00,18500.00,17850.00,17420000
2022-12-30,18000.00,18100.00,18450.00,17900.00,14450000
2023-01-02,21100.00,22200.00,22650.00,21000.00,51910000
2023-01-03,20900.00,20000.00,20900.00,19800.00,18620000
2023-01-13,19950.00,20250.00,20350.00,19900.00,19170000
2023-01-16,20250.00,20000.00,20650.00,19950.00,22320000
2023-01-17,21650.00,20450.00,21650.00,20450.00,41580000
2023-01-18,21700.00,22000.00,22050.00,21550.00,25850000
2023-01-19,21150.00,21600.00,21850.00,20850.00,43940000
2023-01-27,21500.00,21000.00,21550.00,20850.00,26520000
2023-01-30,21750.00,21700.00,22200.00,21350.00,42340000
2023-01-31,22100.00,21900.00,22100.00,21700.00,28110000
2023-02-02,21300.00,21200.00,21700.00,21100.00,25390000
2023-02-03,20600.00,21000.00,21100.00,20600.00,8870000
2023-02-13,20200.00,20400.00,20400.00,19750.00,18740000
2023-02-14,20600.00,20300.00,20900.00,20250.00,17290000
2023-02-15,20800.00,20600.00,21050.00,20250.00,20080000
2023-02-16,21300.00,20950.00,21400.00,20600.00,23910000
2023-02-17,21000.00,21300.00,21350.00,21000.00,12290000
2023-02-20,21900.00,21000.00,21900.00,21000.00,24740000
2023-02-21,21600.00,22050.00,22300.00,21600.00,20640000
2023-02-22,21200.00,21400.00,22100.00,21200.00,32630000
2023-02-23,21500.00,21150.00,21500.00,20400.00,33590000
2023-02-24,20800.00,21500.00,21500.00,20650.00,1460000
2023-02-27,20100.00,20400.00,20550.00,19950.00,31320000
2023-02-28,20000.00,20450.00,20500.00,19900.00,15220000
2023-03-01,19250.00,18300.00,19250.00,18200.00,27990000
2023-03-02,21100.00,21450.00,21550.00,21000.00,20960000
2023-03-03,20350.00,20800.00,21100.00,20350.00,13610000
2023-03-13,21100.00,21050.00,21400.00,20900.00,20930000
2023-03-14,20300.00,21050.00,21100.00,20200.00,30870000
2023-03-15,21300.00,20800.00,21300.00,20600.00,26780000
2023-03-16,20850.00,21000.00,21100.00,20500.00,30250000
2023-03-17,20400.00,21050.00,21050.00,20400.00,33960000
2023-03-20,20000.00,20400.00,20600.00,20000.00,22990000
2023-03-21,20450.00,20200.00,20550.00,19850.00,19060000
2023-03-22,20300.00,20550.00,20600.00,20150.00,12860000
2023-03-23,20400.00,20200.00,20400.00,20050.00,10740000
2023-03-24,20400.00,20450.00,20500.00,20300.00,13690000
2023-03-27,20800.00,20400.00,20900.00,20350.00,20270000
2023-03-28,20700.00,20900.00,21000.00,20700.00,12330000
2023-03-29,20800.00,20700.00,21100.00,20700.00,17940000
2023-04-01,19400.00,19450.00,19800.00,19300.00,20230000
2023-05-01,19800.00,19400.00,20000.00,19150.00,2150000
2023-06-01,19400.00,19700.00,20100.00,19200.00,19630000
2023-06-02,21150.00,21100.00,21150.00,20550.00,22280000
2023-06-03,20400.00,20650.00,20850.00,20400.00,11370000
2023-07-02,19750.00,21150.00,21200.00,19700.00,43380000
2023-07-03,21100.00,20600.00,21350.00,20550.00,29320000
2023-08-02,20850.00,19750.00,21100.00,19750.00,33810000
2023-08-03,21200.00,20900.00,21200.00,20800.00,16160000
2023-09-01,19600.00,19800.00,20100.00,19500.00,16190000
2023-09-02,20600.00,21000.00,21250.00,20600.00,16340000
2023-09-03,21200.00,21200.00,21550.00,21200.00,23270000
2023-10-01,19800.00,19600.00,20100.00,19200.00,26850000
2023-10-02,20500.00,20700.00,20800.00,20150.00,15830000
2023-10-03,21300.00,21150.00,21450.00,21000.00,22460000
2023-11-01,20200.00,20000.00,20550.00,19900.00,25710000
2023-12-01,20050.00,20100.00,20250.00,19900.00,20170000
